ID Skill Element,Skill Element,ID Year,Year,LV Value,RCA,CIP,ID CIP,Slug CIP
"2.A.1.a","Reading Comprehension",2020,"2020",4.423303030303029,0.9269702098094167,"Engineering","14","engineering"
"2.A.1.b","Active Listening",2020,"2020",4.024878787878787,0.8567839783477138,"Engineering","14","engineering"
"2.A.1.c","Writing",2020,"2020",4.120863636363638,0.953866224867223,"Engineering","14","engineering"
"2.A.1.d","Speaking",2020,"2020",4.018545454545455,0.8749757536533921,"Engineering","14","engineering"
"2.A.1.e","Mathematics",2020,"2020",4.178166666666667,1.4324983991192266,"Engineering","14","engineering"
"2.A.1.f","Science",2020,"2020",3.01619696969697,1.1295482804327803,"Engineering","14","engineering"
"2.A.2.a","Critical Thinking",2020,"2020",4.232196969696969,0.8983200707087593,"Engineering","14","engineering"
"2.A.2.b","Active Learning",2020,"2020",3.938015151515149,0.9598544289662488,"Engineering","14","engineering"
"2.A.2.c","Learning Strategies",2020,"2020",3.20037878787879,0.8981405856648449,"Engineering","14","engineering"
"2.A.2.d","Monitoring",2020,"2020",3.98039393939394,0.953826163246554,"Engineering","14","engineering"
"2.B.1.a","Social Perceptiveness",2020,"2020",3.5080454545454565,0.8599173983727003,"Engineering","14","engineering"
"2.B.1.b","Coordination",2020,"2020",3.9366212121212145,1.0371848611290029,"Engineering","14","engineering"
"2.B.1.c","Persuasion",2020,"2020",3.586621212121212,0.9433243234943465,"Engineering","14","engineering"
"2.B.1.d","Negotiation",2020,"2020",3.6317727272727254,1.0758588689515836,"Engineering","14","engineering"
"2.B.1.e","Instructing",2020,"2020",3.6725909090909092,0.9745876549590329,"Engineering","14","engineering"
"2.B.1.f","Service Orientation",2020,"2020",3.1602878787878788,0.8639068190625004,"Engineering","14","engineering"
"2.B.2.i","Complex Problem Solving",2020,"2020",4.223484848484849,1.0607642270126119,"Engineering","14","engineering"
"2.B.3.a","Operations Analysis",2020,"2020",2.5510606060606063,0.9803075292640384,"Engineering","14","engineering"
"2.B.3.b","Technology Design",2020,"2020",1.9591666666666663,1.589938604932335,"Engineering","14","engineering"
"2.B.3.c","Equipment Selection",2020,"2020",0.291030303030303,0.2982262837480958,"Engineering","14","engineering"
"2.B.3.d","Installation",2020,"2020",0.08890909090909091,0.42670321033980846,"Engineering","14","engineering"
"2.B.3.e","Programming",2020,"2020",1.3142121212121214,1.1821932947273306,"Engineering","14","engineering"
"2.B.3.g","Operation Monitoring",2020,"2020",2.7200151515151534,1.0487478811984257,"Engineering","14","engineering"
"2.B.3.h","Operation and Control",2020,"2020",1.3316212121212128,0.6041655558120358,"Engineering","14","engineering"
"2.B.3.j","Equipment Maintenance",2020,"2020",0.20972727272727257,0.2824343379133119,"Engineering","14","engineering"
"2.B.3.k","Troubleshooting",2020,"2020",2.0681818181818183,1.4070623724944884,"Engineering","14","engineering"
"2.B.3.l","Repairing",2020,"2020",0.1205,0.1622737781795468,"Engineering","14","engineering"
"2.B.3.m","Quality Control Analysis",2020,"2020",3.151166666666669,1.4582422489465208,"Engineering","14","engineering"
"2.B.4.e","Judgment and Decision Making",2020,"2020",4.174636363636363,0.9852235052731778,"Engineering","14","engineering"
"2.B.4.g","Systems Analysis",2020,"2020",3.670318181818184,0.9896619513977042,"Engineering","14","engineering"
"2.B.4.h","Systems Evaluation",2020,"2020",3.399318181818182,0.9077332185083097,"Engineering","14","engineering"
"2.B.5.a","Time Management",2020,"2020",3.842,1.0389830396427004,"Engineering","14","engineering"
"2.B.5.b","Management of Financial Resources",2020,"2020",2.984590909090909,1.63842233561712,"Engineering","14","engineering"
"2.B.5.c","Management of Material Resources",2020,"2020",2.8486515151515155,1.5968284011458678,"Engineering","14","engineering"
"2.B.5.d","Management of Personnel Resources",2020,"2020",3.6811515151515137,1.1286670390706668,"Engineering","14","engineering"
"2.A.1.a","Reading Comprehension",2019,"2019",4.881153846153843,0.9337231440521184,"Engineering","14","engineering"
"2.A.1.b","Active Listening",2019,"2019",4.122500000000003,0.8779193242222036,"Engineering","14","engineering"
"2.A.1.c","Writing",2019,"2019",4.752403846153846,0.9384393283970855,"Engineering","14","engineering"
"2.A.1.d","Speaking",2019,"2019",4.879999999999997,0.9631201147616296,"Engineering","14","engineering"
"2.A.1.e","Mathematics",2019,"2019",4.492788461538462,2.0695387018173164,"Engineering","14","engineering"
"2.A.1.f","Science",2019,"2019",3.6103846153846177,1.7353460681393853,"Engineering","14","engineering"
"2.A.2.a","Critical Thinking",2019,"2019",4.122500000000003,0.9273749017792032,"Engineering","14","engineering"
"2.A.2.b","Active Learning",2019,"2019",4.123653846153849,0.883483928476057,"Engineering","14","engineering"
"2.A.2.c","Learning Strategies",2019,"2019",4.25125,1.0236340561468795,"Engineering","14","engineering"
"2.A.2.d","Monitoring",2019,"2019",4.120000000000003,0.9112646971347516,"Engineering","14","engineering"
"2.B.1.a","Social Perceptiveness",2019,"2019",3.501153846153846,0.839561065465748,"Engineering","14","engineering"
"2.B.1.b","Coordination",2019,"2019",3.001153846153846,0.847149598356707,"Engineering","14","engineering"
"2.B.1.c","Persuasion",2019,"2019",2.881153846153844,0.8496994275593167,"Engineering","14","engineering"
"2.B.1.d","Negotiation",2019,"2019",3,0.9880419326228895,"Engineering","14","engineering"
"2.B.1.e","Instructing",2019,"2019",4.622500000000003,1.05551749155901,"Engineering","14","engineering"
"2.B.1.f","Service Orientation",2019,"2019",2.8835576923076904,0.8169464356419471,"Engineering","14","engineering"
"2.B.2.i","Complex Problem Solving",2019,"2019",3.3883653846153825,0.7635004086019194,"Engineering","14","engineering"
"2.B.3.a","Operations Analysis",2019,"2019",2.8823076923076902,1.2494338970110948,"Engineering","14","engineering"
"2.B.3.b","Technology Design",2019,"2019",1.8703846153846144,2.4880129223671776,"Engineering","14","engineering"
"2.B.3.c","Equipment Selection",2019,"2019",0.3800000000000001,0.9559439137700898,"Engineering","14","engineering"
"2.B.3.d","Installation",2019,"2019",0,0,"Engineering","14","engineering"
"2.B.3.e","Programming",2019,"2019",1.614038461538462,2.164582201791791,"Engineering","14","engineering"
"2.B.3.g","Operation Monitoring",2019,"2019",1.8739423076923067,1.5997075763956905,"Engineering","14","engineering"
"2.B.3.h","Operation and Control",2019,"2019",0.6188461538461542,1.3890563124484658,"Engineering","14","engineering"
"2.B.3.j","Equipment Maintenance",2019,"2019",0,0,"Engineering","14","engineering"
"2.B.3.k","Troubleshooting",2019,"2019",0.49884615384615383,0.8959134277982774,"Engineering","14","engineering"
"2.B.3.l","Repairing",2019,"2019",0,0,"Engineering","14","engineering"
"2.B.3.m","Quality Control Analysis",2019,"2019",1.4975961538461537,1.252575766537602,"Engineering","14","engineering"
"2.B.4.e","Judgment and Decision Making",2019,"2019",4.001153846153846,1.0069277147480604,"Engineering","14","engineering"
"2.B.4.g","Systems Analysis",2019,"2019",3.3787499999999975,1.0353519468861894,"Engineering","14","engineering"
"2.B.4.h","Systems Evaluation",2019,"2019",3.3811538461538437,1.0371837801465462,"Engineering","14","engineering"
"2.B.5.a","Time Management",2019,"2019",3.0048076923076925,0.7332687400880283,"Engineering","14","engineering"
"2.B.5.b","Management of Financial Resources",2019,"2019",1.24875,0.9639143594269792,"Engineering","14","engineering"
"2.B.5.c","Management of Material Resources",2019,"2019",1.2572115384615385,0.7703859587391482,"Engineering","14","engineering"
"2.B.5.d","Management of Personnel Resources",2019,"2019",2.7524038461538463,0.8646195593423366,"Engineering","14","engineering"
"2.A.1.a","Reading Comprehension",2018,"2018",4.803218390804596,0.8000289769193437,"Engineering","14","engineering"
"2.A.1.b","Active Listening",2018,"2018",4.00425287356322,0.6827443309933493,"Engineering","14","engineering"
"2.A.1.c","Writing",2018,"2018",4.206982758620689,0.769252565062546,"Engineering","14","engineering"
"2.A.1.d","Speaking",2018,"2018",3.927988505747125,0.6357004988061574,"Engineering","14","engineering"
"2.A.1.e","Mathematics",2018,"2018",4.526580459770115,1.1883699133192986,"Engineering","14","engineering"
"2.A.1.f","Science",2018,"2018",3.607413793103448,1.4374948548842448,"Engineering","14","engineering"
"2.A.2.a","Critical Thinking",2018,"2018",4.561695402298852,0.8157748749371606,"Engineering","14","engineering"
"2.A.2.b","Active Learning",2018,"2018",4.487385057471265,0.8274782420607235,"Engineering","14","engineering"
"2.A.2.c","Learning Strategies",2018,"2018",3.408419540229885,0.6346075811612237,"Engineering","14","engineering"
"2.A.2.d","Monitoring",2018,"2018",3.748563218390805,0.6754518451294701,"Engineering","14","engineering"
"2.B.1.a","Social Perceptiveness",2018,"2018",3.1085344827586208,0.5279886579479796,"Engineering","14","engineering"
"2.B.1.b","Coordination",2018,"2018",3.4309482758620704,0.6805896806744769,"Engineering","14","engineering"
"2.B.1.c","Persuasion",2018,"2018",3.0817528735632176,0.6659811509546508,"Engineering","14","engineering"
"2.B.1.d","Negotiation",2018,"2018",2.776580459770115,0.6371467746927874,"Engineering","14","engineering"
"2.B.1.e","Instructing",2018,"2018",3.4662643678160916,0.6058538286359259,"Engineering","14","engineering"
"2.B.1.f","Service Orientation",2018,"2018",2.5268678160919547,0.46788875077399444,"Engineering","14","engineering"
"2.B.2.i","Complex Problem Solving",2018,"2018",4.033620689655174,0.7869315099400239,"Engineering","14","engineering"
"2.B.3.a","Operations Analysis",2018,"2018",3.828333333333332,2.051088110829157,"Engineering","14","engineering"
"2.B.3.b","Technology Design",2018,"2018",3.6339080459770114,3.078498624434612,"Engineering","14","engineering"
"2.B.3.c","Equipment Selection",2018,"2018",3.2760344827586216,5.4025606112361935,"Engineering","14","engineering"
"2.B.3.d","Installation",2018,"2018",1.4348850574712646,4.279761525387581,"Engineering","14","engineering"
"2.B.3.e","Programming",2018,"2018",3.174885057471263,1.6143710551561847,"Engineering","14","engineering"
"2.B.3.g","Operation Monitoring",2018,"2018",3.4597988505747126,1.8195429933275526,"Engineering","14","engineering"
"2.B.3.h","Operation and Control",2018,"2018",2.8875287356321833,2.7506153241023226,"Engineering","14","engineering"
"2.B.3.j","Equipment Maintenance",2018,"2018",2.470890804597701,5.763850603596895,"Engineering","14","engineering"
"2.B.3.k","Troubleshooting",2018,"2018",3.213103448275861,3.5550057134626893,"Engineering","14","engineering"
"2.B.3.l","Repairing",2018,"2018",2.690431034482759,6.116111238931283,"Engineering","14","engineering"
"2.B.3.m","Quality Control Analysis",2018,"2018",3.8718965517241384,1.7777042136822976,"Engineering","14","engineering"
"2.B.4.e","Judgment and Decision Making",2018,"2018",4.033908045977013,0.7845564614083964,"Engineering","14","engineering"
"2.B.4.g","Systems Analysis",2018,"2018",3.93,0.9480434367459878,"Engineering","14","engineering"
"2.B.4.h","Systems Evaluation",2018,"2018",3.880086206896553,0.8960485241240898,"Engineering","14","engineering"
"2.B.5.a","Time Management",2018,"2018",3.4318103448275865,0.6884415741772741,"Engineering","14","engineering"
"2.B.5.b","Management of Financial Resources",2018,"2018",2.020057471264368,1.0525498586882958,"Engineering","14","engineering"
"2.B.5.c","Management of Material Resources",2018,"2018",2.141522988505747,0.9236513326296186,"Engineering","14","engineering"
"2.B.5.d","Management of Personnel Resources",2018,"2018",2.998275862068966,0.6743022012921125,"Engineering","14","engineering"
"2.A.1.a","Reading Comprehension",2017,"2017",4.5129166666666665,0.784316750918296,"Engineering","14","engineering"
"2.A.1.b","Active Listening",2017,"2017",4.0304166666666665,0.7245261355257658,"Engineering","14","engineering"
"2.A.1.c","Writing",2017,"2017",4.0268749999999995,0.7448704452140703,"Engineering","14","engineering"
"2.A.1.d","Speaking",2017,"2017",4.012083333333332,0.7677304751475987,"Engineering","14","engineering"
"2.A.1.e","Mathematics",2017,"2017",4.543333333333334,1.4227863260758078,"Engineering","14","engineering"
"2.A.1.f","Science",2017,"2017",3.9983333333333344,2.5921704286698786,"Engineering","14","engineering"
"2.A.2.a","Critical Thinking",2017,"2017",4.445624999999999,0.8317434567650296,"Engineering","14","engineering"
"2.A.2.b","Active Learning",2017,"2017",4.276041666666667,0.8588790432762677,"Engineering","14","engineering"
"2.A.2.c","Learning Strategies",2017,"2017",3.4966666666666675,0.813516635786725,"Engineering","14","engineering"
"2.A.2.d","Monitoring",2017,"2017",3.8337499999999998,0.769261293651143,"Engineering","14","engineering"
"2.B.1.a","Social Perceptiveness",2017,"2017",3.132916666666667,0.6319878789518955,"Engineering","14","engineering"
"2.B.1.b","Coordination",2017,"2017",3.6045833333333337,0.7609206825735976,"Engineering","14","engineering"
"2.B.1.c","Persuasion",2017,"2017",3.3808333333333334,0.8111789334730617,"Engineering","14","engineering"
"2.B.1.d","Negotiation",2017,"2017",3.0291666666666663,0.8097876063242012,"Engineering","14","engineering"
"2.B.1.e","Instructing",2017,"2017",3.4033333333333324,0.8177091266966116,"Engineering","14","engineering"
"2.B.1.f","Service Orientation",2017,"2017",2.955833333333334,0.6791810086478998,"Engineering","14","engineering"
"2.B.2.i","Complex Problem Solving",2017,"2017",4.265833333333332,0.9632129047418981,"Engineering","14","engineering"
"2.B.3.a","Operations Analysis",2017,"2017",4.102916666666665,1.5368192681457236,"Engineering","14","engineering"
"2.B.3.b","Technology Design",2017,"2017",3.0220833333333332,2.379108472328838,"Engineering","14","engineering"
"2.B.3.c","Equipment Selection",2017,"2017",1.8210416666666671,2.2307156497220277,"Engineering","14","engineering"
"2.B.3.d","Installation",2017,"2017",0.6749999999999999,2.6055224625019378,"Engineering","14","engineering"
"2.B.3.e","Programming",2017,"2017",2.5975000000000006,1.5863852939208987,"Engineering","14","engineering"
"2.B.3.g","Operation Monitoring",2017,"2017",3.0020833333333337,1.2672168216286783,"Engineering","14","engineering"
"2.B.3.h","Operation and Control",2017,"2017",1.7387500000000002,1.0035467693766822,"Engineering","14","engineering"
"2.B.3.j","Equipment Maintenance",2017,"2017",0.84125,1.156236880235246,"Engineering","14","engineering"
"2.B.3.k","Troubleshooting",2017,"2017",2.808333333333333,2.276419897782884,"Engineering","14","engineering"
"2.B.3.l","Repairing",2017,"2017",0.7883333333333334,1.291376900220097,"Engineering","14","engineering"
"2.B.3.m","Quality Control Analysis",2017,"2017",3.319375000000001,1.4181650529522494,"Engineering","14","engineering"
"2.B.4.e","Judgment and Decision Making",2017,"2017",4.315625000000001,0.9509590365989011,"Engineering","14","engineering"
"2.B.4.g","Systems Analysis",2017,"2017",4.013333333333334,1.0584603660850698,"Engineering","14","engineering"
"2.B.4.h","Systems Evaluation",2017,"2017",4.069791666666667,1.088805092808516,"Engineering","14","engineering"
"2.B.5.a","Time Management",2017,"2017",3.662291666666667,0.7858414229249953,"Engineering","14","engineering"
"2.B.5.b","Management of Financial Resources",2017,"2017",2.9754166666666664,1.2545141221650273,"Engineering","14","engineering"
"2.B.5.c","Management of Material Resources",2017,"2017",2.94125,1.2025783678009507,"Engineering","14","engineering"
"2.B.5.d","Management of Personnel Resources",2017,"2017",3.4535416666666667,0.9121883211218756,"Engineering","14","engineering"
"2.A.1.a","Reading Comprehension",2016,"2016",4.612298850574712,0.9596709249581553,"Engineering","14","engineering"
"2.A.1.b","Active Listening",2016,"2016",4.099827586206897,0.9260149331316897,"Engineering","14","engineering"
"2.A.1.c","Writing",2016,"2016",4.0070114942528745,0.91279325931325,"Engineering","14","engineering"
"2.A.1.d","Speaking",2016,"2016",3.943218390804598,0.8516052649990085,"Engineering","14","engineering"
"2.A.1.e","Mathematics",2016,"2016",3.8893678160919536,1.2919395067125523,"Engineering","14","engineering"
"2.A.1.f","Science",2016,"2016",3.7146551724137913,1.6721736734691826,"Engineering","14","engineering"
"2.A.2.a","Critical Thinking",2016,"2016",4.107816091954024,0.8994092529104584,"Engineering","14","engineering"
"2.A.2.b","Active Learning",2016,"2016",3.810344827586206,0.878459356306084,"Engineering","14","engineering"
"2.A.2.c","Learning Strategies",2016,"2016",3.1697126436781597,0.8198828316539961,"Engineering","14","engineering"
"2.A.2.d","Monitoring",2016,"2016",3.793333333333332,0.883560350579899,"Engineering","14","engineering"
"2.B.1.a","Social Perceptiveness",2016,"2016",3.3643103448275857,0.7513904580303948,"Engineering","14","engineering"
"2.B.1.b","Coordination",2016,"2016",3.2528160919540228,0.7400858477717281,"Engineering","14","engineering"
"2.B.1.c","Persuasion",2016,"2016",3.0597701149425287,0.7807470928958612,"Engineering","14","engineering"
"2.B.1.d","Negotiation",2016,"2016",3.079770114942529,0.8930191939905673,"Engineering","14","engineering"
"2.B.1.e","Instructing",2016,"2016",3.2062068965517243,0.8204326453406146,"Engineering","14","engineering"
"2.B.1.f","Service Orientation",2016,"2016",2.964885057471264,0.7947199048362031,"Engineering","14","engineering"
"2.B.2.i","Complex Problem Solving",2016,"2016",4.0024712643678155,1.03000646936045,"Engineering","14","engineering"
"2.B.3.a","Operations Analysis",2016,"2016",3.269310344827585,1.516906027111862,"Engineering","14","engineering"
"2.B.3.b","Technology Design",2016,"2016",2.2171264367816086,1.9668291086648908,"Engineering","14","engineering"
"2.B.3.c","Equipment Selection",2016,"2016",1.2299425287356323,1.2243294162454832,"Engineering","14","engineering"
"2.B.3.d","Installation",2016,"2016",0.390344827586207,3.006243114766115,"Engineering","14","engineering"
"2.B.3.e","Programming",2016,"2016",1.9636206896551724,1.5766372280119338,"Engineering","14","engineering"
"2.B.3.g","Operation Monitoring",2016,"2016",2.8554597701149422,1.4060036932420812,"Engineering","14","engineering"
"2.B.3.h","Operation and Control",2016,"2016",2.1047126436781607,1.344201147014184,"Engineering","14","engineering"
"2.B.3.j","Equipment Maintenance",2016,"2016",0.7191379310344828,0.8644932921387414,"Engineering","14","engineering"
"2.B.3.k","Troubleshooting",2016,"2016",1.900919540229885,1.4854346913236793,"Engineering","14","engineering"
"2.B.3.l","Repairing",2016,"2016",0.7620689655172415,1.0359548643170966,"Engineering","14","engineering"
"2.B.3.m","Quality Control Analysis",2016,"2016",2.8325287356321835,1.1827097540960396,"Engineering","14","engineering"
"2.B.4.e","Judgment and Decision Making",2016,"2016",3.844655172413793,0.9021061401425018,"Engineering","14","engineering"
"2.B.4.g","Systems Analysis",2016,"2016",3.876436781609195,1.2155880510325132,"Engineering","14","engineering"
"2.B.4.h","Systems Evaluation",2016,"2016",3.748103448275861,1.0999885939530483,"Engineering","14","engineering"
"2.B.5.a","Time Management",2016,"2016",3.42816091954023,0.8737435344722815,"Engineering","14","engineering"
"2.B.5.b","Management of Financial Resources",2016,"2016",2.3011494252873566,0.9965791741924884,"Engineering","14","engineering"
"2.B.5.c","Management of Material Resources",2016,"2016",2.36080459770115,0.993988675621886,"Engineering","14","engineering"
"2.B.5.d","Management of Personnel Resources",2016,"2016",2.8840804597701144,0.7400053452381913,"Engineering","14","engineering"
"2.A.1.a","Reading Comprehension",2015,"2015",4.600222222222222,0.9274153069383685,"Engineering","14","engineering"
"2.A.1.b","Active Listening",2015,"2015",3.7755,0.7749531359914973,"Engineering","14","engineering"
"2.A.1.c","Writing",2015,"2015",4.247694444444443,0.9635474383629411,"Engineering","14","engineering"
"2.A.1.d","Speaking",2015,"2015",3.967694444444445,0.8341258966741526,"Engineering","14","engineering"
"2.A.1.e","Mathematics",2015,"2015",4.380277777777777,1.5486584874538674,"Engineering","14","engineering"
"2.A.1.f","Science",2015,"2015",4.002833333333333,2.353769468472997,"Engineering","14","engineering"
"2.A.2.a","Critical Thinking",2015,"2015",4.204194444444442,0.8924552778618315,"Engineering","14","engineering"
"2.A.2.b","Active Learning",2015,"2015",4.167500000000001,0.9384434102379065,"Engineering","14","engineering"
"2.A.2.c","Learning Strategies",2015,"2015",3.3154444444444455,0.785102752987228,"Engineering","14","engineering"
"2.A.2.d","Monitoring",2015,"2015",3.8468611111111124,0.8219225295534612,"Engineering","14","engineering"
"2.B.1.a","Social Perceptiveness",2015,"2015",3.1600833333333345,0.6536682537665047,"Engineering","14","engineering"
"2.B.1.b","Coordination",2015,"2015",3.2343611111111104,0.7092478783687924,"Engineering","14","engineering"
"2.B.1.c","Persuasion",2015,"2015",3.197777777777777,0.7752730659676904,"Engineering","14","engineering"
"2.B.1.d","Negotiation",2015,"2015",2.93161111111111,0.7755380557965919,"Engineering","14","engineering"
"2.B.1.e","Instructing",2015,"2015",3.2384999999999993,0.7788078460811573,"Engineering","14","engineering"
"2.B.1.f","Service Orientation",2015,"2015",2.9307222222222213,0.738293865024792,"Engineering","14","engineering"
"2.B.2.i","Complex Problem Solving",2015,"2015",3.924805555555556,0.963785504558942,"Engineering","14","engineering"
"2.B.3.a","Operations Analysis",2015,"2015",3.2440833333333345,1.4077438820346944,"Engineering","14","engineering"
"2.B.3.b","Technology Design",2015,"2015",2.9083055555555566,2.313173591789181,"Engineering","14","engineering"
"2.B.3.c","Equipment Selection",2015,"2015",2.176194444444444,2.4078393301886045,"Engineering","14","engineering"
"2.B.3.d","Installation",2015,"2015",0.27355555555555555,0.48656419222112646,"Engineering","14","engineering"
"2.B.3.e","Programming",2015,"2015",2.3081388888888896,1.970409763507813,"Engineering","14","engineering"
"2.B.3.g","Operation Monitoring",2015,"2015",2.786694444444444,1.1409176490934714,"Engineering","14","engineering"
"2.B.3.h","Operation and Control",2015,"2015",1.9804166666666674,0.9713094072653651,"Engineering","14","engineering"
"2.B.3.j","Equipment Maintenance",2015,"2015",1.796527777777777,2.2222338530591625,"Engineering","14","engineering"
"2.B.3.k","Troubleshooting",2015,"2015",2.54863888888889,2.0943317817111335,"Engineering","14","engineering"
"2.B.3.l","Repairing",2015,"2015",1.8336111111111104,2.1710628970633308,"Engineering","14","engineering"
"2.B.3.m","Quality Control Analysis",2015,"2015",3.3340277777777785,1.5308021531051836,"Engineering","14","engineering"
"2.B.4.e","Judgment and Decision Making",2015,"2015",3.6488611111111093,0.8728751035725701,"Engineering","14","engineering"
"2.B.4.g","Systems Analysis",2015,"2015",3.4902499999999987,0.9771493015100609,"Engineering","14","engineering"
"2.B.4.h","Systems Evaluation",2015,"2015",3.409555555555557,0.9314051721699375,"Engineering","14","engineering"
"2.B.5.a","Time Management",2015,"2015",3.289805555555557,0.7868269924608596,"Engineering","14","engineering"
"2.B.5.b","Management of Financial Resources",2015,"2015",1.9634444444444437,0.7686264396056551,"Engineering","14","engineering"
"2.B.5.c","Management of Material Resources",2015,"2015",1.8914166666666674,0.7337185461576132,"Engineering","14","engineering"
"2.B.5.d","Management of Personnel Resources",2015,"2015",2.7775555555555558,0.7367378587706243,"Engineering","14","engineering"
"2.A.1.a","Reading Comprehension",2014,"2014",4.318269230769231,0.8617166679383764,"Engineering","14","engineering"
"2.A.1.b","Active Listening",2014,"2014",3.6989423076923105,0.7650299450731767,"Engineering","14","engineering"
"2.A.1.c","Writing",2014,"2014",3.9140384615384587,0.9017612838668424,"Engineering","14","engineering"
"2.A.1.d","Speaking",2014,"2014",3.585576923076923,0.7999342976756888,"Engineering","14","engineering"
"2.A.1.e","Mathematics",2014,"2014",3.3362500000000024,1.0500220262726203,"Engineering","14","engineering"
"2.A.1.f","Science",2014,"2014",3.1597115384615386,0.9706523793051962,"Engineering","14","engineering"
"2.A.2.a","Critical Thinking",2014,"2014",4.156923076923079,0.8951184646604694,"Engineering","14","engineering"
"2.A.2.b","Active Learning",2014,"2014",3.8498076923076923,0.8282771056741536,"Engineering","14","engineering"
"2.A.2.c","Learning Strategies",2014,"2014",3.2880769230769236,0.8410218632950934,"Engineering","14","engineering"
"2.A.2.d","Monitoring",2014,"2014",3.902884615384613,0.8549880780396781,"Engineering","14","engineering"
"2.B.1.a","Social Perceptiveness",2014,"2014",3.1762500000000022,0.6574080731804856,"Engineering","14","engineering"
"2.B.1.b","Coordination",2014,"2014",3.4379807692307667,0.8560717082395116,"Engineering","14","engineering"
"2.B.1.c","Persuasion",2014,"2014",3.3684615384615366,0.9346933102343025,"Engineering","14","engineering"
"2.B.1.d","Negotiation",2014,"2014",3.338269230769228,1.014584331291295,"Engineering","14","engineering"
"2.B.1.e","Instructing",2014,"2014",3.2765384615384616,0.8223125968451974,"Engineering","14","engineering"
"2.B.1.f","Service Orientation",2014,"2014",2.8876923076923053,0.7247111413148858,"Engineering","14","engineering"
"2.B.2.i","Complex Problem Solving",2014,"2014",3.9160576923076897,0.9674727409855358,"Engineering","14","engineering"
"2.B.3.a","Operations Analysis",2014,"2014",2.5549999999999997,0.8826279255939571,"Engineering","14","engineering"
"2.B.3.b","Technology Design",2014,"2014",1.8225000000000007,1.1602988547882265,"Engineering","14","engineering"
"2.B.3.c","Equipment Selection",2014,"2014",1.9825000000000013,3.316588706661114,"Engineering","14","engineering"
"2.B.3.d","Installation",2014,"2014",0.3526923076923079,1.8262668495264438,"Engineering","14","engineering"
"2.B.3.e","Programming",2014,"2014",1.5150000000000001,1.4045471938716918,"Engineering","14","engineering"
"2.B.3.g","Operation Monitoring",2014,"2014",2.926346153846154,1.7136049575297614,"Engineering","14","engineering"
"2.B.3.h","Operation and Control",2014,"2014",1.7167307692307694,1.4554602265586145,"Engineering","14","engineering"
"2.B.3.j","Equipment Maintenance",2014,"2014",1.3779807692307695,3.31923173509555,"Engineering","14","engineering"
"2.B.3.k","Troubleshooting",2014,"2014",1.6096153846153851,1.6858526067693158,"Engineering","14","engineering"
"2.B.3.l","Repairing",2014,"2014",1.3533653846153846,3.211520580484705,"Engineering","14","engineering"
"2.B.3.m","Quality Control Analysis",2014,"2014",2.992692307692308,1.63116381182083,"Engineering","14","engineering"
"2.B.4.e","Judgment and Decision Making",2014,"2014",3.898269230769228,0.9448644328254489,"Engineering","14","engineering"
"2.B.4.g","Systems Analysis",2014,"2014",3.5916346153846153,1.1465146520746137,"Engineering","14","engineering"
"2.B.4.h","Systems Evaluation",2014,"2014",3.583942307692308,1.0972345253726032,"Engineering","14","engineering"
"2.B.5.a","Time Management",2014,"2014",3.5349999999999997,0.9229020570491382,"Engineering","14","engineering"
"2.B.5.b","Management of Financial Resources",2014,"2014",2.0760576923076908,0.9501099628680588,"Engineering","14","engineering"
"2.B.5.c","Management of Material Resources",2014,"2014",2.0302884615384604,1.0143524700129238,"Engineering","14","engineering"
"2.B.5.d","Management of Personnel Resources",2014,"2014",3.4187499999999975,0.9618256962740199,"Engineering","14","engineering"
"2.A.1.a","Reading Comprehension",2013,"2013",4.271666666666667,0.9246170058410362,"Engineering","14","engineering"
"2.A.1.b","Active Listening",2013,"2013",3.83,0.8855686087217174,"Engineering","14","engineering"
"2.A.1.c","Writing",2013,"2013",4.04,0.9152024892218555,"Engineering","14","engineering"
"2.A.1.d","Speaking",2013,"2013",3.9,0.899655317099083,"Engineering","14","engineering"
"2.A.1.e","Mathematics",2013,"2013",3.2099999999999995,0.885144934154556,"Engineering","14","engineering"
"2.A.1.f","Science",2013,"2013",3.23,1.3592119668903002,"Engineering","14","engineering"
"2.A.2.a","Critical Thinking",2013,"2013",4.0600000000000005,0.9653381052870627,"Engineering","14","engineering"
"2.A.2.b","Active Learning",2013,"2013",3.94,1.0787112214284587,"Engineering","14","engineering"
"2.A.2.c","Learning Strategies",2013,"2013",3.3533333333333335,0.9561054515462143,"Engineering","14","engineering"
"2.A.2.d","Monitoring",2013,"2013",3.7100000000000004,0.7940750891126974,"Engineering","14","engineering"
"2.B.1.a","Social Perceptiveness",2013,"2013",2.935,0.6751143515760977,"Engineering","14","engineering"
"2.B.1.b","Coordination",2013,"2013",3.355,0.7246229400020499,"Engineering","14","engineering"
"2.B.1.c","Persuasion",2013,"2013",3.225,0.853799166525451,"Engineering","14","engineering"
"2.B.1.d","Negotiation",2013,"2013",2.685,0.6580709950632285,"Engineering","14","engineering"
"2.B.1.e","Instructing",2013,"2013",3.393333333333333,0.8755701763598739,"Engineering","14","engineering"
"2.B.1.f","Service Orientation",2013,"2013",2.9150000000000005,0.72950560293841,"Engineering","14","engineering"
"2.B.2.i","Complex Problem Solving",2013,"2013",4.083333333333333,1.005008781457747,"Engineering","14","engineering"
"2.B.3.a","Operations Analysis",2013,"2013",3.7533333333333334,1.9500696451187105,"Engineering","14","engineering"
"2.B.3.b","Technology Design",2013,"2013",2.4150000000000005,1.7959581135807705,"Engineering","14","engineering"
"2.B.3.c","Equipment Selection",2013,"2013",2.0416666666666665,1.7429793326967453,"Engineering","14","engineering"
"2.B.3.d","Installation",2013,"2013",0.6433333333333334,1.4145141655117481,"Engineering","14","engineering"
"2.B.3.e","Programming",2013,"2013",1.9366666666666668,2.15014530714334,"Engineering","14","engineering"
"2.B.3.g","Operation Monitoring",2013,"2013",3.043333333333333,1.1286893643202223,"Engineering","14","engineering"
"2.B.3.h","Operation and Control",2013,"2013",1.3933333333333333,0.6486016415559743,"Engineering","14","engineering"
"2.B.3.j","Equipment Maintenance",2013,"2013",1.3333333333333333,1.6184736018570258,"Engineering","14","engineering"
"2.B.3.k","Troubleshooting",2013,"2013",2.853333333333333,1.771918772032728,"Engineering","14","engineering"
"2.B.3.l","Repairing",2013,"2013",1.2683333333333333,1.7080562855483543,"Engineering","14","engineering"
"2.B.3.m","Quality Control Analysis",2013,"2013",3.311666666666666,1.2142157047852182,"Engineering","14","engineering"
"2.B.4.e","Judgment and Decision Making",2013,"2013",3.893333333333333,0.9748184950514488,"Engineering","14","engineering"
"2.B.4.g","Systems Analysis",2013,"2013",3.6299999999999994,1.1021538864567806,"Engineering","14","engineering"
"2.B.4.h","Systems Evaluation",2013,"2013",3.978333333333333,1.1160494799155858,"Engineering","14","engineering"
"2.B.5.a","Time Management",2013,"2013",3.436666666666667,0.8657134553019457,"Engineering","14","engineering"
"2.B.5.b","Management of Financial Resources",2013,"2013",2.2916666666666665,0.8251902501877015,"Engineering","14","engineering"
"2.B.5.c","Management of Material Resources",2013,"2013",2.5416666666666665,0.9063668866143579,"Engineering","14","engineering"
"2.B.5.d","Management of Personnel Resources",2013,"2013",3.2100000000000004,0.8938923612761628,"Engineering","14","engineering"
"2.A.1.a","Reading Comprehension",2012,"2012",4.297600000000002,0.7521379830463221,"Engineering","14","engineering"
"2.A.1.b","Active Listening",2012,"2012",3.7648,0.7230929187003882,"Engineering","14","engineering"
"2.A.1.c","Writing",2012,"2012",3.75,0.7309527932913765,"Engineering","14","engineering"
"2.A.1.d","Speaking",2012,"2012",3.63,0.7268151146988163,"Engineering","14","engineering"
"2.A.1.e","Mathematics",2012,"2012",4.157599999999999,1.3767496090648514,"Engineering","14","engineering"
"2.A.1.f","Science",2012,"2012",3.277599999999999,0.9577270085838449,"Engineering","14","engineering"
"2.A.2.a","Critical Thinking",2012,"2012",4.302400000000002,0.8588860916022719,"Engineering","14","engineering"
"2.A.2.b","Active Learning",2012,"2012",3.822399999999999,0.7718124512297767,"Engineering","14","engineering"
"2.A.2.c","Learning Strategies",2012,"2012",3.1447999999999996,0.7570872255883244,"Engineering","14","engineering"
"2.A.2.d","Monitoring",2012,"2012",3.8848000000000003,0.8151092631151015,"Engineering","14","engineering"
"2.B.1.a","Social Perceptiveness",2012,"2012",3.087600000000001,0.7056501442811751,"Engineering","14","engineering"
"2.B.1.b","Coordination",2012,"2012",3.38,0.8652543692565106,"Engineering","14","engineering"
"2.B.1.c","Persuasion",2012,"2012",3.192399999999999,0.9205031578361869,"Engineering","14","engineering"
"2.B.1.d","Negotiation",2012,"2012",2.8948,0.9933638137815762,"Engineering","14","engineering"
"2.B.1.e","Instructing",2012,"2012",3.212399999999999,0.7602939238434854,"Engineering","14","engineering"
"2.B.1.f","Service Orientation",2012,"2012",2.8323999999999994,0.6960958437302969,"Engineering","14","engineering"
"2.B.2.i","Complex Problem Solving",2012,"2012",4.057600000000002,0.8954122092635775,"Engineering","14","engineering"
"2.B.3.a","Operations Analysis",2012,"2012",3.47,1.7781346562928624,"Engineering","14","engineering"
"2.B.3.b","Technology Design",2012,"2012",3.1752,2.9399417566331176,"Engineering","14","engineering"
"2.B.3.c","Equipment Selection",2012,"2012",1.2176000000000002,1.8026342852548602,"Engineering","14","engineering"
"2.B.3.d","Installation",2012,"2012",0.49,5.094340720054792,"Engineering","14","engineering"
"2.B.3.e","Programming",2012,"2012",1.9223999999999994,1.608989245367493,"Engineering","14","engineering"
"2.B.3.g","Operation Monitoring",2012,"2012",3.14,1.430475334701857,"Engineering","14","engineering"
"2.B.3.h","Operation and Control",2012,"2012",2.5676000000000005,3.0582700828245946,"Engineering","14","engineering"
"2.B.3.j","Equipment Maintenance",2012,"2012",0.2152,0.8347067112217269,"Engineering","14","engineering"
"2.B.3.k","Troubleshooting",2012,"2012",2.0975999999999995,1.8735516059869743,"Engineering","14","engineering"
"2.B.3.l","Repairing",2012,"2012",0.09,0.37017479833931016,"Engineering","14","engineering"
"2.B.3.m","Quality Control Analysis",2012,"2012",3.2752,1.5581839038911636,"Engineering","14","engineering"
"2.B.4.e","Judgment and Decision Making",2012,"2012",4.01,0.9408322667012099,"Engineering","14","engineering"
"2.B.4.g","Systems Analysis",2012,"2012",3.802399999999999,1.0921027864231814,"Engineering","14","engineering"
"2.B.4.h","Systems Evaluation",2012,"2012",3.677600000000001,1.0881975972953344,"Engineering","14","engineering"
"2.B.5.a","Time Management",2012,"2012",3.51,0.858718519109616,"Engineering","14","engineering"
"2.B.5.b","Management of Financial Resources",2012,"2012",1.9728000000000006,1.3637205258032055,"Engineering","14","engineering"
"2.B.5.c","Management of Material Resources",2012,"2012",2.2076000000000007,1.3207067450742072,"Engineering","14","engineering"
"2.B.5.d","Management of Personnel Resources",2012,"2012",3.13,0.8725178820060776,"Engineering","14","engineering"
"2.A.1.a","Reading Comprehension",2011,"2011",4.336666666666666,0.8859886006791768,"Engineering","14","engineering"
"2.A.1.b","Active Listening",2011,"2011",3.953333333333333,0.8343676880103184,"Engineering","14","engineering"
"2.A.1.c","Writing",2011,"2011",3.9966666666666666,0.8793554906387314,"Engineering","14","engineering"
"2.A.1.d","Speaking",2011,"2011",3.92,0.9080081521379626,"Engineering","14","engineering"
"2.A.1.e","Mathematics",2011,"2011",3.25,1.0405820669027208,"Engineering","14","engineering"
"2.A.1.f","Science",2011,"2011",2.8333333333333335,0.8549979700842703,"Engineering","14","engineering"
"2.A.2.a","Critical Thinking",2011,"2011",3.9599999999999995,0.9065962493487412,"Engineering","14","engineering"
"2.A.2.b","Active Learning",2011,"2011",3.83,0.8639579544807471,"Engineering","14","engineering"
"2.A.2.c","Learning Strategies",2011,"2011",3.4599999999999995,0.9093510927170028,"Engineering","14","engineering"
"2.A.2.d","Monitoring",2011,"2011",4.046666666666667,0.9588063336684634,"Engineering","14","engineering"
"2.B.1.a","Social Perceptiveness",2011,"2011",3.793333333333333,0.8799391070789709,"Engineering","14","engineering"
"2.B.1.b","Coordination",2011,"2011",4.04,0.8815378773927863,"Engineering","14","engineering"
"2.B.1.c","Persuasion",2011,"2011",3.3800000000000003,0.9056011169672337,"Engineering","14","engineering"
"2.B.1.d","Negotiation",2011,"2011",3.4599999999999995,0.9082578386065787,"Engineering","14","engineering"
"2.B.1.e","Instructing",2011,"2011",3.42,0.907884333427968,"Engineering","14","engineering"
"2.B.1.f","Service Orientation",2011,"2011",3.3333333333333335,0.8211324706773975,"Engineering","14","engineering"
"2.B.2.i","Complex Problem Solving",2011,"2011",3.706666666666667,0.903997672309994,"Engineering","14","engineering"
"2.B.3.a","Operations Analysis",2011,"2011",1.7933333333333332,1.083790762994871,"Engineering","14","engineering"
"2.B.3.b","Technology Design",2011,"2011",1.2933333333333332,1.1765592895558552,"Engineering","14","engineering"
"2.B.3.c","Equipment Selection",2011,"2011",0.8733333333333334,4.676270460034265,"Engineering","14","engineering"
"2.B.3.d","Installation",2011,"2011",0,0,"Engineering","14","engineering"
"2.B.3.e","Programming",2011,"2011",1.25,1.0470271637161783,"Engineering","14","engineering"
"2.B.3.g","Operation Monitoring",2011,"2011",2.2466666666666666,1.347881363019184,"Engineering","14","engineering"
"2.B.3.h","Operation and Control",2011,"2011",0.96,4.480226808436282,"Engineering","14","engineering"
"2.B.3.j","Equipment Maintenance",2011,"2011",0.9166666666666666,6.13046220864965,"Engineering","14","engineering"
"2.B.3.k","Troubleshooting",2011,"2011",1.2933333333333332,2.9539857337401467,"Engineering","14","engineering"
"2.B.3.l","Repairing",2011,"2011",1.1666666666666667,3.873961910498285,"Engineering","14","engineering"
"2.B.3.m","Quality Control Analysis",2011,"2011",1.5466666666666666,1.8316505210847411,"Engineering","14","engineering"
"2.B.4.e","Judgment and Decision Making",2011,"2011",3.5400000000000005,0.9203730633734802,"Engineering","14","engineering"
"2.B.4.g","Systems Analysis",2011,"2011",3.4599999999999995,0.993050569851009,"Engineering","14","engineering"
"2.B.4.h","Systems Evaluation",2011,"2011",3.5833333333333335,0.9748295511573737,"Engineering","14","engineering"
"2.B.5.a","Time Management",2011,"2011",3.793333333333333,0.9322867636514215,"Engineering","14","engineering"
"2.B.5.b","Management of Financial Resources",2011,"2011",2.9966666666666666,1.2025282520629486,"Engineering","14","engineering"
"2.B.5.c","Management of Material Resources",2011,"2011",3.0033333333333334,1.0427814271664209,"Engineering","14","engineering"
"2.B.5.d","Management of Personnel Resources",2011,"2011",3.793333333333333,0.9681691717221281,"Engineering","14","engineering"